id,ra,dec,r_petrosian,r_half_light,r_total_flux,r_half_light_arcsec,r_total_flux_arcsec,r20,r80,c2080,n_estimate,f_half_light,mag_half_light,mag_half_light_err,f_total,mag_total,mag_total_err,surface_brightness,m_u,m_b,m_v,m_f105w,m_f125w,m_f140w,m_f160w,M_u,M_b,M_v,M_f105w,M_f125w,M_f140w,M_f160w,kcorrect_constant_0,kcorrect_constant_1,kcorrect_constant_2,kcorrect_constant_3,kcorrect_constant_4,kcorrect_constant_5
405,3.5784463234068986,-30.403389660804752,18.357071414282856,8.054210842168434,36.71414282856571,0.48325256093802166,2.2028481613192974,3.2740548109621925,17.939387877575516,3.6936083721621977,2.10175546063471,458.2416512134427,19.61608146542961,22.942449666951525,917.4657052514503,18.862343270082523,22.565580569277984,18.76222501611083,19.64934730529785,19.511981964111328,19.507606506347656,18.855270385742188,18.674217224121094,18.57122039794922,18.46202278137207,-21.377084732055664,-21.514450073242188,-21.51882553100586,-22.171161651611328,-22.352214813232422,-22.455211639404297,-22.564409255981445,0.30799999833106995,1.2798915349776507e-06,5.8465494667814255e-09,8.01792694460346e-08,1.7198830448705849e-07,7.40890371275782e-08
376,3.5851880600713524,-30.39481006100493,20.213442688537707,8.33266653330666,40.426885377075415,0.4999598993088764,2.4256126729306944,3.2276455291058213,18.86757351470294,3.8341510892173005,2.347218371351117,364.3934359427885,19.864891505621028,23.066854687047236,729.0220414568914,19.111966220729293,22.690392044601367,19.0786619669628,19.879621505737305,19.754613876342773,19.756938934326172,19.090164184570312,18.904821395874023,18.799497604370117,18.688114166259766,-21.14681053161621,-21.271818161010742,-21.269493103027344,-21.936267852783203,-22.121610641479492,-22.2269344329834,-22.33831787109375,0.30799999833106995,1.05172591702285e-06,4.8419348530615025e-09,6.715806222246101e-08,1.4971885775594274e-07,4.576618195528681e-08
469,3.58918720358872,-30.389855263872096,20.67753550710142,7.54370874174835,41.35507101420284,0.4526224405914546,2.481303800833544,2.9027805561112223,17.428885777155433,3.8922770917039164,2.4577147010908074,362.3243523726746,19.871074056947357,23.0699459627104,726.1939042212442,19.116186370822874,22.69250211964816,18.886269956992297,19.921241760253906,19.778217315673828,19.768882751464844,19.10956382751465,18.927539825439453,18.824411392211914,18.715171813964844,-21.10519027709961,-21.248214721679688,-21.257549285888672,-21.916868209838867,-22.098892211914062,-22.2020206451416,-22.311260223388672,0.30799999833106995,1.0163806791751995e-06,4.504254302872823e-09,6.044562184115421e-08,1.2316965580794204e-07,6.389831952446912e-08
486,3.58918326540813,-30.38739365171221,21.42008401680336,7.1260252050410084,42.84016803360672,0.4275614330351724,2.5704096054781025,2.8099619923984798,17.196839367873576,3.933740944790074,2.539966918905856,343.681955260052,19.928426042325274,23.09862195539936,688.5440555735147,19.173988535384847,22.721403201929146,18.926383359939223,20.118030548095703,19.942018508911133,19.894018173217773,19.144023895263672,18.94950294494629,18.84222984313965,18.729381561279297,-20.908401489257812,-21.084413528442383,-21.132413864135742,-21.882408142089844,-22.076929092407227,-22.184202194213867,-22.29705047607422,0.30799999833106995,1.017643171508098e-06,3.615995503025715e-09,5.4090659062921986e-08,1.1055043813712473e-07,6.685424125407735e-08
351,3.5821654005227455,-30.398575367008235,20.72394478895779,8.239847969593919,41.44788957791558,0.49439078651859153,2.4868729136238286,3.4132826565313064,18.4498899779956,3.6641076332790146,2.053876959768764,317.088848104821,20.015865447667036,23.14234165807024,633.7808017661532,19.263970169525265,22.766394018999357,19.25209376411064,20.090469360351562,19.952369689941406,19.938819885253906,19.232763290405273,19.041589736938477,18.93439483642578,18.82143783569336,-20.935962677001953,-21.07406234741211,-21.08761215209961,-21.793668746948242,-21.98484230041504,-22.092037200927734,-22.204994201660156,0.30799999833106995,9.388926400788478e-07,3.923905200764466e-09,5.5156480271989494e-08,1.175360466731945e-07,4.462668812266202e-08
521,3.605426412572937,-30.384840263465176,20.770354070814165,7.914982996599321,41.54070814162833,0.4748988917525943,2.4924420264141136,3.4596919383876776,18.589117823564713,3.651106752605707,2.033156167540956,276.7279168581716,20.163685433885593,23.21625165117952,554.5172361586317,19.40903024360295,22.8389240560382,19.27404068542421,20.19812774658203,20.061662673950195,20.05733299255371,19.398950576782227,19.216096878051758,19.112369537353516,19.002565383911133,-20.828304290771484,-20.96476936340332,-20.969099044799805,-21.62748146057129,-21.810335159301758,-21.9140625,-22.023866653442383,0.30799999833106995,7.836443955966388e-07,3.526477776460979e-09,4.6679804910354505e-08,9.488775276622619e-08,4.5453283803453814e-08
270,3.5959371261113637,-30.406199607176312,20.491898379675938,8.239847969593919,40.983796759351875,0.49439078651859153,2.459027349672404,3.1348269653930787,20.120624124824964,4.037139370914254,2.758197041469783,213.69101985277055,20.44435218906157,23.35658502876751,427.3512380108022,19.69185545241859,22.980336660446017,19.645591231151656,20.490888595581055,20.345867156982422,20.337383270263672,19.69339370727539,19.514808654785156,19.41319465637207,19.305316925048828,-20.53554344177246,-20.680564880371094,-20.689048767089844,-21.333038330078125,-21.51162338256836,-21.613237380981445,-21.721115112304688,0.30799999833106995,5.848476121173007e-07,2.651997066394074e-09,3.5830083788823686e-08,7.405999724596768e-08,3.9433359688700875e-08
468,3.590338806319776,-30.39093580640576,14.505101020204041,5.73374674934987,29.010202040408082,0.3440247411808985,1.7406117997256483,2.4386877375475096,11.581316263252651,3.3830086349934865,1.6514684459873104,216.71591718083616,20.429090842943424,23.348954355708436,434.1545523788758,19.674706970401704,22.971762419437574,18.770030118148334,20.378562927246094,20.257709503173828,20.27576446533203,19.687509536743164,19.516077041625977,19.41651153564453,19.31039810180664,-20.647869110107422,-20.768722534179688,-20.750667572021484,-21.33892250061035,-21.51035499572754,-21.609920501708984,-21.716033935546875,0.30799999833106995,5.803583462693496e-07,3.027939010635805e-09,3.747299359702083e-08,7.631375353867043e-08,3.517677882314274e-08
182,3.588145039088445,-30.385002695429606,20.399079815963194,8.239847969593919,40.79815963192639,0.49439078651859153,2.447889124091834,3.691738347669534,18.07861572314463,3.449671303854557,1.739054132242638,212.7230400640128,20.449281541098394,23.359049704785917,425.3003172280456,19.697078601846286,22.982948235159864,19.546538801952437,20.36288833618164,20.246814727783203,20.2742862701416,19.72555160522461,19.561368942260742,19.464672088623047,19.361164093017578,-20.663543701171875,-20.779617309570312,-20.752145767211914,-21.300880432128906,-21.465063095092773,-21.56175994873047,-21.665267944335938,0.30799999833106995,5.472676321005565e-07,3.075499854787722e-09,3.6499255173794154e-08,7.303631122113075e-08,3.623491906523668e-08
255,3.5917322431481624,-30.40782039891801,13.159231846369273,5.316063212642529,26.318463692738547,0.31896373362461633,1.5791075288073853,2.3922784556911383,12.091818363672735,3.5183994284967306,1.834078720097097,157.986779674935,20.772266001632367,23.520541935052908,316.18550434987,20.018962979349887,23.143890423911667,18.941182171380483,20.712722778320312,20.593103408813477,20.613502502441406,20.03570556640625,19.866437911987305,19.7677001953125,19.662309646606445,-20.313709259033203,-20.43332862854004,-20.41292953491211,-20.990726470947266,-21.15999412536621,-21.258731842041016,-21.36412239074707,0.30799999833106995,4.174121954747534e-07,2.2291288814813015e-09,2.7869308638628354e-08,5.795870450242546e-08,2.5383823043512166e-08
416,3.605262029244778,-30.400805404363524,8.796759351870374,3.691738347669534,17.59351870374075,0.22150425979463007,1.0556109265206022,1.7889577915583117,7.914982996599321,3.229249461122215,1.4639028812222266,165.29547676675335,20.723165444800678,23.49599165663706,331.42863683776756,19.967842792006028,23.118330330239736,18.129364614463558,20.70791244506836,20.573081970214844,20.580018997192383,19.987445831298828,19.81745147705078,19.719104766845703,19.61417007446289,-20.318519592285156,-20.453350067138672,-20.446413040161133,-21.038986206054688,-21.208980560302734,-21.307327270507812,-21.412261962890625,0.30799999833106995,4.344229580510728e-07,2.187732439651313e-09,2.781487751235545e-08,5.622511167757693e-08,3.139899007464919e-08
450,3.5813853349034015,-30.393930064468258,18.357071414282856,7.1260252050410084,36.71414282856571,0.4275614330351724,2.2028481613192974,3.042008401680336,16.871974394878976,3.720027492253379,2.145668833133505,163.89449114282857,20.73240697793461,23.500612423204025,328.60623706181235,19.9771283628757,23.122973115674572,19.53441367915309,20.67508316040039,20.550048828125,20.568666458129883,20.00421142578125,19.837947845458984,19.74082374572754,19.637014389038086,-20.351348876953125,-20.476383209228516,-20.457765579223633,-21.022220611572266,-21.18848419189453,-21.285608291625977,-21.38941764831543,0.30799999833106995,4.2534995259302377e-07,2.2758070983286416e-09,2.6907009953447414e-08,5.171277450699563e-08,3.089346023443795e-08
516,3.5925474224511436,-30.38530893313196,11.024404880976196,4.527105421084217,22.04880976195239,0.27162627490719443,1.3229283404542787,2.160232046409282,9.492898579715943,3.2144921827991286,1.4468074088050789,149.4475683128626,20.832595736092358,23.550706802282903,301.32504497819565,20.071229793324285,23.170023830898863,18.680925150481116,20.806583404541016,20.68169403076172,20.691638946533203,20.07123565673828,19.89441680908203,19.792699813842773,19.684614181518555,-20.2198486328125,-20.344738006591797,-20.334793090820312,-20.955196380615234,-21.132015228271484,-21.233732223510742,-21.34181785583496,0.30799999833106995,4.139004374792421e-07,2.042680247171802e-09,2.6791754592636607e-08,5.691970272891922e-08,2.273587895729179e-08
460,3.5942798215294247,-30.390418124106326,15.850970194038808,6.151430286057211,31.701940388077617,0.36908574873718064,1.9021160706439113,2.670734146829366,14.876375275055011,3.7293323314582705,2.1613731270085212,145.3345182334467,20.86289593014902,23.565856899311232,290.9049864904981,20.109439954263095,23.18912891136827,19.305454322216736,20.754657745361328,20.640445709228516,20.67272186279297,20.14824867248535,19.98894500732422,19.894237518310547,19.79253387451172,-20.271774291992188,-20.385986328125,-20.353710174560547,-20.878183364868164,-21.037487030029297,-21.13219451904297,-21.233898162841797,0.30799999833106995,3.643275192644069e-07,2.1431645347291806e-09,2.504148532977979e-08,5.000349645456481e-08,2.5638875911226933e-08
240,3.5891337485381323,-30.4095750306577,16.407881576315262,7.1260252050410084,32.815763152630524,0.4275614330351724,1.96894542412733,3.366873374674935,15.201240248049611,3.273261198172019,1.5157687042546417,148.9907946635327,20.835919277146306,23.552368572809876,298.02884205901177,20.08317212991913,23.175994999196288,19.638013227492934,20.79237937927246,20.653648376464844,20.66650390625,20.13412094116211,19.97725486755371,19.884801864624023,19.78533172607422,-20.234052658081055,-20.372783660888672,-20.359928131103516,-20.892311096191406,-21.049177169799805,-21.141630172729492,-21.241100311279297,0.30799999833106995,3.6050789731234545e-07,1.9886672308899733e-09,2.372169127795587e-08,4.573428924459222e-08,3.4288216710365305e-08
281,3.5870343937591564,-30.404973383323625,10.049809961992398,4.2022404480896185,20.099619923984797,0.2521343801411972,1.205976971858295,2.0674134826965394,8.935987197439488,3.1785759684247745,1.4058021944188037,110.29732176055212,21.16240545089824,23.71561165968584,222.06931085377076,20.402596506408514,23.33570718744098,18.72548347100268,20.978496551513672,20.887950897216797,20.940052032470703,20.430212020874023,20.270694732666016,20.174535751342773,20.07124137878418,-20.047935485839844,-20.13848114013672,-20.086380004882812,-20.596220016479492,-20.7557373046875,-20.851896286010742,-20.955190658569336,0.30799999833106995,2.836709995790443e-07,1.8129132639543855e-09,2.1814679840304052e-08,4.9199616825035264e-08,1.2304507635008122e-08
385,3.584988164436669,-30.392849365485052,14.829965993198641,5.965793158631726,29.659931986397282,0.35794752315661077,1.779595589257643,2.485097019403881,15.015603120624125,3.905997162005569,2.484609051725759,131.02505627325465,20.975431981229697,23.622124924851573,261.5569762614523,20.224902098365344,23.246859983419395,19.403227111075417,20.961078643798828,20.804758071899414,20.808177947998047,20.297222137451172,20.147241592407227,20.058773040771484,19.963197708129883,-20.065353393554688,-20.2216739654541,-20.21825408935547,-20.729209899902344,-20.87919044494629,-20.96765899658203,-21.063234329223633,0.30799999833106995,3.0035388931537454e-07,1.6370415023558849e-09,1.7850311451184098e-08,3.01843172678673e-08,3.803576831273858e-08
238,3.5888203672123096,-30.410716973527474,18.125025005001,7.17243448689738,36.250050010002,0.4303459894303149,2.1750025973678726,2.995599119823965,15.990198039607922,3.6368507411762203,2.0106966526987624,139.07938844428887,20.910660937601538,23.58973940303749,278.3006770284057,20.15753221133989,23.213175039906666,19.79988314991964,20.941837310791016,20.801422119140625,20.79693603515625,20.158742904663086,19.981060028076172,19.879589080810547,19.77176856994629,-20.0845947265625,-20.22500991821289,-20.229496002197266,-20.86768913269043,-21.045372009277344,-21.14684295654297,-21.254663467407227,0.30799999833106995,3.794874032791995e-07,1.7664217866197873e-09,2.4453866487306186e-08,5.2941505401804534e-08,2.3882527955265687e-08
171,3.598765496939194,-30.388018542147574,14.829965993198641,6.10502100420084,29.659931986397282,0.3663011923420382,1.779595589257643,2.8099619923984798,14.319463892778556,3.5361315651569623,1.8594401504612077,139.0719221610322,20.910719225402023,23.589768546937734,278.78808808921787,20.15563233468291,23.212225101578177,19.33572438462075,20.801555633544922,20.68716049194336,20.719024658203125,20.19413185119629,20.03515625,19.940547943115234,19.838895797729492,-20.224876403808594,-20.339271545410156,-20.30740737915039,-20.832300186157227,-20.991275787353516,-21.08588409423828,-21.187536239624023,0.30799999833106995,3.4790835456988134e-07,2.0554555835161636e-09,2.470999049819511e-08,5.129782465473909e-08,2.389247200085265e-08
418,3.594456736373635,-30.400348911508946,9.910582116423285,4.063012602520504,19.82116423284657,0.24378071095576978,1.1892696334874404,1.9745949189837968,8.518303660732148,3.174375513001826,1.4010613300259562,121.69062476375275,21.05567506649332,23.66224646748338,242.70562037127425,20.306118284792678,23.28746807663306,18.597056305328056,20.936960220336914,20.832687377929688,20.870216369628906,20.33011245727539,20.16608238220215,20.06881332397461,19.964664459228516,-20.0894718170166,-20.193744659423828,-20.15621566772461,-20.696319580078125,-20.860349655151367,-20.957618713378906,-21.061767578125,0.30799999833106995,3.1481556561629986e-07,1.8477201990663161e-09,2.2191541049210173e-08,4.679796461459773e-08,1.7033082500006458e-08
463,3.5955068637077208,-30.388687469679873,17.150430086017202,7.265253050610122,34.300860172034405,0.43591510222059976,2.058051228771889,3.2276455291058213,16.361472294458892,3.5246827414555018,1.8430242876703407,130.28919716683336,20.98154684848071,23.625182358477076,260.96866816483293,20.227346945529366,23.248082407001405,19.81021626517401,20.910137176513672,20.78383445739746,20.805355072021484,20.268352508544922,20.108192443847656,20.013742446899414,19.912385940551758,-20.116294860839844,-20.242597579956055,-20.22107696533203,-20.758079528808594,-20.91823959350586,-21.0126895904541,-21.114046096801758,0.30799999833106995,3.254447733525012e-07,1.821844564098285e-09,2.1229688229595922e-08,4.07905744737036e-08,2.6445640344263666e-08
204,3.5902785799550703,-30.382695499789953,17.66093218643729,7.3116623324664936,35.32186437287458,0.4386996586157422,2.1193114694650235,3.2276455291058213,15.850970194038808,3.4558500817193556,1.7473928177727471,122.09851978795758,21.05204187101539,23.660429869744416,244.43735221664332,20.298398941653442,23.283608405063443,19.918428317749033,20.989681243896484,20.878219604492188,20.900850296020508,20.297130584716797,20.121509552001953,20.019697189331055,19.911447525024414,-20.03675079345703,-20.148212432861328,-20.125581741333008,-20.72930145263672,-20.904922485351562,-21.00673484802246,-21.1149845123291,0.30799999833106995,3.3695363299557357e-07,1.7581769373720135e-09,2.2468052307544895e-08,4.842022960360737e-08,1.561270401850834e-08
508,3.5737470405236484,-30.3859918684924,18.264252850570116,7.822164432886577,36.52850570114023,0.4693297789623093,2.1917099357387277,3.2740548109621925,15.108421684336868,3.3206657602987955,1.5731941309007393,100.38573850530106,21.264637822715628,23.766727845594538,200.79090396279256,20.511957781158554,23.390387824816,20.15885636846794,21.07526969909668,20.97209358215332,21.024356842041016,20.584882736206055,20.44205093383789,20.35392951965332,20.25830078125,-19.951162338256836,-20.054338455200195,-20.0020751953125,-20.44154930114746,-20.584381103515625,-20.672502517700195,-20.768131256103516,0.30799999833106995,2.3127030601699516e-07,1.6013755876898017e-09,1.6644731815063096e-08,3.124480940641661e-08,1.9518164862120102e-08
145,3.580371576428947,-30.39220385828889,17.428885777155433,7.17243448689738,34.857771554310865,0.4303459894303149,2.091465905513599,3.366873374674935,15.247649529905981,3.2798805891494447,1.5236865990863775,103.87395129005803,21.227551238015046,23.748184553244247,207.4575276895379,20.476494873420517,23.37265637094698,19.85834720021261,20.94666862487793,20.859886169433594,20.93537712097168,20.578994750976562,20.4521484375,20.37006378173828,20.280014038085938,-20.079763412475586,-20.166545867919922,-20.091054916381836,-20.447437286376953,-20.574283599853516,-20.656368255615234,-20.746417999267578,0.30799999833106995,2.2232819674172788e-07,1.8277805935440483e-09,1.6753933351765227e-08,2.9540437651576212e-08,2.021130285356776e-08
242,3.5825063767794885,-30.40998862122018,10.792358471694339,4.248649729945989,21.584716943388678,0.2549189365363396,1.295082776502854,1.8817763552710542,9.307261452290458,3.471269533359532,1.7683739562737333,90.08808104140829,21.382149528105558,23.8254836982895,180.63615818923785,20.626806148459394,23.44781200846642,19.018231628653925,21.268333435058594,21.156848907470703,21.190168380737305,20.661020278930664,20.500930786132812,20.405664443969727,20.303348541259766,-19.758098602294922,-19.869583129882812,-19.83626365661621,-20.36541175842285,-20.525501251220703,-20.62076759338379,-20.72308349609375,0.30799999833106995,2.2720594472502853e-07,1.346092792786635e-09,1.6544797531992117e-08,3.556661098969016e-08,1.4295564731980903e-08
310,3.585085514091703,-30.40335389112081,16.268653730746152,6.7083416683336665,32.537307461492304,0.4025004254788902,1.9522380857564758,2.9027805561112223,15.201240248049611,3.5953240875878,1.946796093531432,76.46648695179036,21.560140023101113,23.91447894578728,153.0014423744749,20.807079055933983,23.537948462203712,20.14817541603814,21.400089263916016,21.294971466064453,21.339862823486328,20.86104393005371,20.711158752441406,20.619895935058594,20.52117919921875,-19.6263427734375,-19.731460571289062,-19.686569213867188,-20.165388107299805,-20.31527328491211,-20.406536102294922,-20.505252838134766,0.30799999833106995,1.8208406515896058e-07,1.1973758651251387e-09,1.4404077930407766e-08,3.1649758369667325e-08,1.2303485341647047e-08
407,3.5789615814000415,-30.403223301988778,9.214442888577716,3.691738347669534,18.428885777155433,0.22150425979463007,1.1057329416331667,1.6961392278455691,9.214442888577716,3.6750379204986405,2.071476029172546,72.5207496725345,21.61766215621916,23.9432400123463,146.4427017943589,20.8546485364768,23.561733202475125,19.939489965415707,23.078176498413086,22.383207321166992,21.97948455810547,20.786752700805664,20.549631118774414,20.43121337890625,20.309341430664062,-17.94825553894043,-18.643224716186523,-19.046947479248047,-20.23967933654785,-20.4768009185791,-20.595218658447266,-20.717090606689453,0.30799999833106995,2.4696188916095707e-07,3.261486783770473e-12,1.2464711485193902e-09,5.953948889469984e-09,3.078297083902726e-08
259,3.590173758740057,-30.407477083248335,9.910582116423285,4.387877575515104,19.82116423284657,0.26327260572176703,1.1892696334874404,2.1138227645529106,9.632126425285058,3.293268017794566,1.5397981013639148,50.73778440368074,22.005489121697885,24.137153495085663,102.4962505865173,21.242047921563984,23.755432895018714,19.89775686776097,22.130298614501953,21.96635627746582,21.9334716796875,21.223785400390625,21.03551483154297,20.930444717407227,20.819488525390625,-18.896133422851562,-19.060075759887695,-19.092960357666016,-19.80264663696289,-19.990917205810547,-20.09598731994629,-20.20694351196289,0.30799999833106995,1.4672760073608515e-07,5.752890386290233e-10,8.514926541636214e-09,1.8128256229488215e-08,9.546034185348162e-09
52,3.6068045656150995,-30.40560435429249,13.855371074214844,5.872974594918984,27.710742148429688,0.3523784103663259,1.6626442206616594,2.856371274254851,11.813362672534508,3.082794401247615,1.3004294310742173,86.8391274034807,21.422029241402257,23.84542355493785,174.52118029625927,20.664197514768496,23.466507691620972,19.665769475620756,21.213245391845703,21.101350784301758,21.154165267944336,20.77279281616211,20.64548683166504,20.564794540405273,20.476226806640625,-19.813186645507812,-19.925081253051758,-19.87226676940918,-20.253639221191406,-20.380945205688477,-20.461637496948242,-20.55020523071289,0.30799999833106995,1.8209479435427056e-07,1.37749556206046e-09,1.3209035643058087e-08,2.2922781894862965e-08,2.1748421730194423e-08
210,3.57086304229486,-30.382003609593355,14.458691738347671,6.012202440488098,28.917383476695342,0.36073207955175324,1.7350426869353635,2.7635527105421085,12.741548309661933,3.3187722634803025,1.5708672564363793,85.75154858311662,21.43571293925116,23.8522654038623,171.0470234540908,20.686029065896424,23.477423467184934,19.664282493050035,21.12234115600586,21.048986434936523,21.13456153869629,20.77519989013672,20.645410537719727,20.560991287231445,20.468530654907227,-19.904090881347656,-19.977445602416992,-19.891870498657227,-20.251232147216797,-20.38102149963379,-20.46544075012207,-20.55790138244629,0.30799999833106995,1.8869454265768582e-07,1.5932427599452126e-09,1.5636610228852987e-08,3.1241171427609515e-08,1.2126142756585523e-08
66,3.6052830179432553,-30.40293472813961,17.475295059011803,7.218843768753751,34.950590118023605,0.43313054582545735,2.0970350183038837,3.2276455291058213,14.597919583916784,3.2770256696006412,1.520267760133745,85.13362389937988,21.443565067266505,23.856191467869973,170.1704553794759,20.6916074658742,23.48021266717382,20.176132066097356,21.26914405822754,21.163665771484375,21.212234497070312,20.75926971435547,20.61419677734375,20.52517318725586,20.42867088317871,-19.757287979125977,-19.86276626586914,-19.814197540283203,-20.267162322998047,-20.412235260009766,-20.501258850097656,-20.597761154174805,0.30799999833106995,1.977668802055632e-07,1.339249711129753e-09,1.4587986818526133e-08,2.8604810964338867e-08,1.6028831595349402e-08
317,3.584367963965068,-30.402868967114884,24.62232446489298,7.497299459891979,49.24464892978596,0.4498378841963121,2.9546783880077627,2.9491898379675936,21.42008401680336,4.305592205824913,3.421370040932352,73.80792876995399,21.598560323127256,23.93368909580035,148.071123070014,20.842641942530886,23.555729905502165,20.49349804267298,21.54147720336914,21.398845672607422,21.40768051147461,20.910066604614258,20.770978927612305,20.685546875,20.5915470123291,-19.484954833984375,-19.627586364746094,-19.618751525878906,-20.116365432739258,-20.25545310974121,-20.340885162353516,-20.434885025024414,0.30799999833106995,1.5317021961891442e-07,1.0215882584319047e-09,1.8517441802146095e-08,6.535923091632867e-08,1.1323668225315942e-08
326,3.58870800076965,-30.40237055523793,11.581316263252651,5.269653930786157,23.162632526505302,0.3161791772294738,1.3897576939376979,2.345869173834767,13.159231846369273,3.744633751118097,2.1874719841236923,32.37433183456692,22.493315833746703,24.381066851110074,65.09590525705141,21.73493369122337,24.001875779848408,20.68444627079967,22.515331268310547,22.35540771484375,22.347681045532227,21.781707763671875,21.62185287475586,21.528900146484375,21.428974151611328,-18.51110076904297,-18.671024322509766,-18.67875099182129,-19.24472427368164,-19.404579162597656,-19.49753189086914,-19.597457885742188,0.30799999833106995,7.859534889576025e-08,3.9598316292632774e-10,5.333554931041817e-09,1.1223789897485403e-08,8.00911870157961e-09
503,3.5783432190173503,-30.38708691098113,17.75375075015003,6.2906581316263255,35.50750150030006,0.37743941792260804,2.130449695045593,2.5779155831166234,15.247649529905981,3.8596710465144564,2.3950537338309044,80.34167570634126,21.506465654277697,23.88764176137557,160.61427488597718,20.75435751504728,23.51158769176036,19.822102304865556,21.213884353637695,21.10849380493164,21.18008804321289,20.922760009765625,20.82754135131836,20.761043548583984,20.685955047607422,-19.81254768371582,-19.917938232421875,-19.846343994140625,-20.10367202758789,-20.198890686035156,-20.26538848876953,-20.340476989746094,0.30799999833106995,1.3883369831546588e-07,1.371930458127224e-09,1.1828592327844945e-08,2.0322561411489914e-08,2.3157113560046128e-08
99,3.5785879411912545,-30.399111781352783,15.943788757751552,6.847569513902781,31.887577515503104,0.4108540946643176,1.9132542962244812,3.2276455291058213,14.180236047209442,3.2139881363885885,1.4462260706666992,66.4763357935587,21.712150186166845,23.990484027320147,133.0517589065813,20.958766318034833,23.61379209325414,20.32839046821146,21.549606323242188,21.430580139160156,21.472923278808594,21.052093505859375,20.917104721069336,20.833322525024414,20.7418270111084,-19.476825714111328,-19.59585189819336,-19.553508758544922,-19.97433853149414,-20.10932731628418,-20.1931095123291,-20.284605026245117,0.30799999833106995,1.4386536406618688e-07,1.0061187438736852e-09,1.0557848817427384e-08,1.9637719006482257e-08,1.6009995107424402e-08
298,3.587876814133314,-30.404243487796602,19.285257051410284,7.636527305461092,38.57051410282057,0.45819155338173945,2.314230417124996,2.9491898379675936,22.580316063212642,4.420136438965528,3.751517562257847,53.22549889197839,21.953518516353117,24.11116819241328,106.50914916143229,21.200350580030452,23.734584224251947,20.93905861400216,21.96007537841797,21.80445098876953,21.80327606201172,21.253759384155273,21.094533920288086,21.002016067504883,20.90273666381836,-19.066356658935547,-19.221981048583984,-19.223155975341797,-19.772672653198242,-19.93189811706543,-20.024415969848633,-20.123695373535156,0.30799999833106995,1.296977103493191e-07,6.553070863724031e-10,6.9490080356615636e-09,1.1000297561736261e-08,1.4819674376553849e-08
17,3.607340566040518,-30.41140017267566,9.260852170434088,3.9237847569513904,18.521704340868176,0.23542704177034238,1.1113020544234515,2.021004200840168,7.961392278455691,2.9771090351286045,1.1903594689386192,62.101627299059814,21.786060417237206,24.027439142855325,124.17343093078617,21.03374616620144,23.651282017337444,20.057603849054825,22.99474334716797,22.36894989013672,22.07937240600586,21.26642608642578,21.09236717224121,21.003522872924805,20.908899307250977,-18.031688690185547,-18.657482147216797,-18.947059631347656,-19.760005950927734,-19.934064865112305,-20.02290916442871,-20.11753273010254,0.30799999833106995,1.203529791382607e-07,8.547920632381384e-44,7.224818037577613e-29,1.7783612800030863e-29,3.535846104796292e-08
522,3.604405670632254,-30.384954771217828,15.990198039607922,6.7083416683336665,31.980396079215843,0.4025004254788902,1.918823409014766,3.2276455291058213,13.159231846369273,3.0517235281780266,1.2674248788117635,58.17679029445889,21.856943476327235,24.06288067240034,116.54047296719344,21.10262592773353,23.685721898103488,20.447711167380913,21.726058959960938,21.594507217407227,21.627182006835938,21.202701568603516,21.068832397460938,20.98632049560547,20.896160125732422,-19.300373077392578,-19.43192481994629,-19.399250030517578,-19.82373046875,-19.957599639892578,-20.040111541748047,-20.130271911621094,0.30799999833106995,1.239210973835725e-07,8.356232372719319e-10,8.472078150134621e-09,1.4657552505070726e-08,1.6076752373805903e-08
436,3.602201826747179,-30.3969899094347,13.808961792358472,5.4552910582116425,27.617923584716944,0.3273174028100437,1.6570751078713744,2.4386877375475096,11.163632726545309,3.303246728195764,1.5518944812678404,47.3182644934987,22.08124584973327,24.17503185910336,94.91912546009202,21.325433548023746,23.797125708248597,20.17464923201108,21.872955322265625,21.770431518554688,21.826231002807617,21.4094181060791,21.271366119384766,21.185352325439453,21.09173011779785,-19.15347671508789,-19.256000518798828,-19.2002010345459,-19.617013931274414,-19.75506591796875,-19.841079711914062,-19.934701919555664,0.30799999833106995,1.0660366456249903e-07,7.65300878224906e-10,7.519629363628155e-09,1.3325948344800054e-08,9.92047688441744e-09
88,3.5728089809960175,-30.40053305990769,9.307261452290458,3.7381476295259053,18.614522904580916,0.22428881618977253,1.1168711672137364,1.835367073414683,7.682936587317464,3.109021562466767,1.3287270766421093,41.171403646929384,22.23232868460103,24.25057327653724,82.7128608929786,21.474885262046833,23.871851565260137,19.612363876805443,22.139686584472656,22.028953552246094,22.05768585205078,21.490659713745117,21.322111129760742,21.2232608795166,21.11771583557129,-18.88674545288086,-18.997478485107422,-18.968746185302734,-19.5357723236084,-19.704320907592773,-19.803171157836914,-19.908716201782227,0.30799999833106995,1.0954316564948385e-07,6.06411865167189e-10,7.449735939246693e-09,1.5613535353509178e-08,5.986034334881651e-09
216,3.578470183195068,-30.3813167315458,11.070814162832567,4.434286857371474,22.141628325665135,0.2660571621169095,1.3284974532445637,2.1138227645529106,9.35367073414683,3.2295675361612175,1.464272963572649,44.88012790718143,22.13868265352921,24.20375026100133,90.73114506321264,21.374426888770145,23.821622378621793,19.72095537700591,21.848451614379883,21.766708374023438,21.84239387512207,21.457759857177734,21.323989868164062,21.238393783569336,21.14487648010254,-19.177980422973633,-19.259723663330078,-19.184038162231445,-19.56867218017578,-19.702442169189453,-19.78803825378418,-19.881555557250977,0.30799999833106995,1.0124391991439552e-07,8.08897449022794e-10,8.2893345521029e-09,1.680984240692851e-08,6.910620964362124e-09
435,3.6026877789531024,-30.39757752475425,19.51730346069214,7.404480896179236,39.03460692138428,0.44426877140602716,2.342075981076421,3.0884176835367074,15.386877375475095,3.4870723113389275,1.7901360104345525,43.66875769413883,22.168390775678027,24.218604322075738,87.32398559771954,21.41598399512041,23.842400931796927,20.912007293111124,21.92854118347168,21.844406127929688,21.911802291870117,21.47533416748047,21.329811096191406,21.239320755004883,21.14129066467285,-19.097890853881836,-19.182025909423828,-19.1146297454834,-19.551097869873047,-19.69662094116211,-19.787111282348633,-19.885141372680664,0.30799999833106995,1.0399060812460448e-07,7.532244272745459e-10,8.024830577824105e-09,1.6413633119327642e-08,5.997450092110057e-09
480,3.578348023131543,-30.38945869728274,17.568113622724546,7.3116623324664936,35.13622724544909,0.4386996586157422,2.108173243884454,3.4132826565313064,14.690738147629526,3.169356818902243,1.3954117766848908,44.79669299639928,22.14070298227421,24.204760425373827,89.73073654970995,21.386464786854773,23.82764132766411,20.83855237170411,21.892013549804688,21.798343658447266,21.864688873291016,21.479284286499023,21.34744644165039,21.263538360595703,21.171756744384766,-19.134418487548828,-19.22808837890625,-19.1617431640625,-19.547147750854492,-19.678985595703125,-19.762893676757812,-19.85467529296875,0.30799999833106995,9.790203847614976e-08,7.612935282175215e-10,7.563642157037975e-09,1.4236714029891573e-08,8.638754600553966e-09
71,3.5948264810465203,-30.402140007796714,13.948189637927586,6.2906581316263255,27.89637927585517,0.37743941792260804,1.673782446242229,3.042008401680336,12.97359471894379,3.1494995886305457,1.3732152000225737,40.30940919383877,22.255301786371394,24.26205982742242,80.8376616295259,21.49978351272604,23.88430069059974,20.73922609942122,22.161645889282227,22.025617599487305,22.049036026000977,21.58026123046875,21.43732452392578,21.35089111328125,21.256996154785156,-18.86478614807129,-19.00081443786621,-18.97739601135254,-19.446170806884766,-19.589107513427734,-19.675540924072266,-19.76943588256836,0.30799999833106995,9.013542978664191e-08,5.604923192237266e-10,6.311774658485092e-09,1.1974186975294288e-08,1.0314380460840766e-08
87,3.596757605417433,-30.400512562908034,11.48849769953991,4.759151830366074,22.97699539907982,0.28554905688290677,1.3786194683571282,2.2994598919783957,9.817763552710542,3.151933648268483,1.3759226528327484,33.226103821764355,22.46511932402732,24.366968596250384,66.63166701540308,21.709616171618038,23.98921702004574,20.415057375687045,22.44917106628418,22.307281494140625,22.312644958496094,21.74553108215332,21.5821590423584,21.486949920654297,21.38490104675293,-18.577260971069336,-18.71915054321289,-18.713787078857422,-19.280900955200195,-19.444272994995117,-19.53948211669922,-19.641530990600586,0.30799999833106995,8.344233748402985e-08,4.3344799971478665e-10,5.535802483080943e-09,1.1287978551877131e-08,7.125598777690811e-09
239,3.5897208750192227,-30.41022450967593,16.63992798559712,6.42988597719544,33.27985597119424,0.38579308710803545,1.9967909880787549,2.670734146829366,13.948189637927586,3.5894359210434152,1.9379142749849483,34.43093863612723,22.426445712602405,24.347631790537925,68.83204215983197,21.674341231688143,23.971579550080794,20.934350767388604,22.31165313720703,22.173206329345703,22.20124626159668,21.780921936035156,21.649505615234375,21.568466186523438,21.47972869873047,-18.714778900146484,-18.853225708007812,-18.825185775756836,-19.24551010131836,-19.37692642211914,-19.457965850830078,-19.546703338623047,0.30799999833106995,7.160264203776023e-08,4.812407139453967e-10,4.907480644078532e-09,8.496312098316139e-09,1.0087423341076374e-08
388,3.5843493859048654,-30.391771036930436,12.323864772954591,5.640928185637128,24.647729545909183,0.33845562839061355,1.4788634985822566,2.6243248649729947,13.34486897379476,3.5314835936243876,1.8527574688174695,26.77778424324865,22.699381273484565,24.484099570979005,53.73107352790558,21.94325407420842,24.106035971340933,20.90133276225703,22.518695831298828,22.42445182800293,22.476329803466797,21.9822998046875,21.825931549072266,21.731416702270508,21.6297607421875,-18.507736206054688,-18.601980209350586,-18.55010223388672,-19.044132232666016,-19.20050048828125,-19.295015335083008,-19.396671295166016,0.30799999833106995,6.7390438118764e-08,4.338445158680315e-10,4.871870906697495e-09,9.957869195886815e-09,3.752059107853256e-09
440,3.5928690137357884,-30.396356290836057,12.60232046409282,4.898379675935187,25.20464092818564,0.2939027260683341,1.5122781753239665,2.206641328265653,11.024404880976196,3.493117034338758,1.7985310152358789,27.493940128625724,22.670725411962188,24.469771640217814,54.917688970394074,21.91953723572348,24.094177552098465,20.499392683137636,22.407718658447266,22.329002380371094,22.403362274169922,21.983566284179688,21.839601516723633,21.749574661254883,21.65205955505371,-18.61871337890625,-18.697429656982422,-18.623069763183594,-19.042865753173828,-19.186830520629883,-19.276857376098633,-19.374372482299805,0.30799999833106995,6.551178444169636e-08,4.855221780175611e-10,4.678857301598782e-09,8.614659208205921e-09,3.961280192754657e-09
511,3.573668079111182,-30.385653373672362,13.066413282656532,5.780156031206241,26.132826565313064,0.3468092975760409,1.5679693032268156,2.7635527105421085,10.83876775355071,2.967560790461936,1.180711508945956,27.63045302480496,22.665347854466635,24.46708286147004,55.31017763492699,21.91180523532961,24.090311551901525,20.94460555368828,22.549116134643555,22.414779663085938,22.444068908691406,22.008087158203125,21.871612548828125,21.78813362121582,21.697124481201172,-18.47731590270996,-18.611652374267578,-18.58236312866211,-19.01834487915039,-19.15481948852539,-19.238298416137695,-19.329307556152344,0.30799999833106995,5.968603034034459e-08,3.8962169601752805e-10,3.851433838519824e-09,6.389993867372823e-09,7.796422174521922e-09
